{
  "principalPoint": {
    "x": 1,
    "y": -0.6640625
  },
  "viewTransform": {
    "rows": [
      [
        0.676717630859556,
        -0.7260889299729478,
        0.12185283687534432,
        -1.7413690456865782
      ],
      [
        0.2016652661093843,
        0.34198087240239494,
        0.9178127278241068,
        0.9275570864952053
      ],
      [
        -0.7080850009206952,
        -0.5965265699712264,
        0.37785140305350545,
        -10
      ],
      [
        0,
        0,
        0,
        1
      ]
    ]
  },
  "cameraTransform": {
    "rows": [
      [
        0.6767176308595559,
        0.2016652661093843,
        -0.7080850009206952,
        -6.089490920837465
      ],
      [
        -0.7260889299729478,
        0.34198087240239494,
        -0.5965265699712264,
        -7.5468612684254985
      ],
      [
        0.12185283687534432,
        0.9178127278241068,
        0.37785140305350545,
        3.1393810890301297
      ],
      [
        0,
        0,
        0,
        1
      ]
    ]
  },
  "horizontalFieldOfView": 0.31138373155259436,
  "verticalFieldOfView": 0.20771531406258048,
  "vanishingPoints": [
    {
      "x": 7.088735333765204,
      "y": 1.1504113297917975
    },
    {
      "x": -6.7547003891049355,
      "y": 2.988326477179562
    },
    {
      "x": -1.0545636741536906,
      "y": -16.13932543698355
    }
  ],
  "vanishingPointAxes": [
    "xPositive",
    "yPositive",
    "zPositive"
  ],
  "relativeFocalLength": 6.370961783482432,
  "imageWidth": 2048,
  "imageHeight": 1360
}